{
  "validation": {
    "accuracy": 0.8952380952380953,
    "precision": 1.0,
    "recall": 0.89,
    "f1": 0.9417989417989417,
    "confusion_matrix": [
      [
        75,
        0
      ],
      [
        165,
        1335
      ]
    ]
  },
  "test": {
    "accuracy": 0.8876190476190476,
    "precision": 1.0,
    "recall": 0.882,
    "f1": 0.9373007438894793,
    "confusion_matrix": [
      [
        75,
        0
      ],
      [
        177,
        1323
      ]
    ]
  }
}