{
  "best_model": "xgboost",
  "metrics": {
    "f1": 0.8127963400957171,
    "accuracy": 0.847263997100924,
    "precision": 0.7964615250696379,
    "recall": 0.8298152136945924,
    "roc_auc": 0.9232241357095485,
    "time": 9.141538858413696,
    "cm": [
      [
        56922,
        9353
      ],
      [
        7506,
        36599
      ]
    ]
  },
  "dataset": {
    "total_urls": 735863,
    "phishing": 294035,
    "legitimate": 441828
  },
  "training_time": {
    "feature_extraction": 11.571791172027588,
    "xgboost": 9.141538858413696,
    "lightgbm": 4.234335899353027,
    "total": 24.94766592979431
  }
}