{
  "mean": [
    35.3980067146688,
    14.720192571633692,
    2.763086213813636,
    0.0028674591946620497,
    1.1623725163115775,
    0.7792647648810153,
    27.228007348128127,
    1.8869908570704619,
    0.0638738149031863,
    0.030004856521463712,
    0.0361367427521696,
    0.08412339787579974,
    0.7773147676712532,
    0.028453362818291774,
    0.1942331799390024,
    2.770852425093435,
    3.9619798193170586,
    0.17754597858907495,
    1.0053421736100847,
    0.0024789374775649824,
    0.7155725416499504,
    0.0012415802698536708
  ],
  "scale": [
    41.136458114825345,
    9.799694469452339,
    0.5999892191118358,
    0.05347183251411068,
    0.6033400810890409,
    0.4147423189108226,
    28.623029190107644,
    11.872012888678523,
    0.9354849610647116,
    0.19486660977598416,
    0.4696214000112924,
    1.402558740655935,
    0.07454658540657862,
    0.07039393432421641,
    0.04118499102010554,
    0.5037381051110575,
    0.315520271072529,
    0.3821300878973276,
    0.09573435885327955,
    0.0497271791532833,
    0.4511413074484519,
    0.03521418390772496
  ],
  "n_features": 22,
  "with_mean": true,
  "with_std": true
}