{
  "xgboost": {
    "f1": 1.0,
    "accuracy": 1.0,
    "precision": 1.0,
    "recall": 1.0,
    "roc_auc": 1.0,
    "time": 1.8937833309173584,
    "cm": [
      [
        15142,
        0
      ],
      [
        0,
        20228
      ]
    ]
  },
  "lightgbm": {
    "f1": 1.0,
    "accuracy": 1.0,
    "precision": 1.0,
    "recall": 1.0,
    "roc_auc": 1.0,
    "time": 2.8560144901275635,
    "cm": [
      [
        15142,
        0
      ],
      [
        0,
        20228
      ]
    ]
  },
  "ensemble": {
    "f1": 1.0,
    "accuracy": 1.0,
    "precision": 1.0,
    "recall": 1.0,
    "roc_auc": 1.0,
    "time": 4.749797821044922,
    "cm": [
      [
        15142,
        0
      ],
      [
        0,
        20228
      ]
    ]
  }
}