{
  "xgboost": {
    "f1": 0.8127963400957171,
    "accuracy": 0.847263997100924,
    "precision": 0.7964615250696379,
    "recall": 0.8298152136945924,
    "roc_auc": 0.9232241357095485,
    "time": 9.141538858413696,
    "cm": [
      [
        56922,
        9353
      ],
      [
        7506,
        36599
      ]
    ]
  },
  "lightgbm": {
    "f1": 0.8108843234084296,
    "accuracy": 0.8463036782025729,
    "precision": 0.797574667777729,
    "recall": 0.8246457317764426,
    "roc_auc": 0.9223769377549742,
    "time": 4.234335899353027,
    "cm": [
      [
        57044,
        9231
      ],
      [
        7734,
        36371
      ]
    ]
  },
  "ensemble": {
    "f1": 0.8121707558832374,
    "accuracy": 0.8472096394274325,
    "precision": 0.7981350144470711,
    "recall": 0.826708989910441,
    "roc_auc": 0.923133703045923,
    "time": 13.375874757766724,
    "cm": [
      [
        57053,
        9222
      ],
      [
        7643,
        36462
      ]
    ]
  }
}